Name,Department,Salary
John,Marketing,53101
Grace,HR,68916
Kevin,IT,49049
Isabella,HR,80302
Laura,Sales,35903
John,Finance,60125
Linda,IT,39640
Sophia,IT,50856
Chris,Finance,69589
Bob,Marketing,39741
Diana,HR,85431
James,HR,83981
Linda,Sales,40859
Grace,Finance,49810
Sophia,Sales,81631
Linda,Finance,44713
Linda,IT,78102
Tom,Sales,54734
John,HR,75468
Tom,IT,57142
Sarah,Finance,35848
Michael,Marketing,55832
James,Finance,42826
Chris,IT,72239
James,Finance,76234
James,Marketing,87720
Grace,IT,83967
John,Marketing,59146
James,HR,49423
Chris,Sales,79468
Jack,HR,42260
James,Sales,36094
Bob,Marketing,66654
Olivia,Marketing,83126
Olivia,IT,60243
Kevin,IT,88808
Olivia,Finance,41048
James,Finance,62267
Chris,IT,78767
Mark,IT,53013
Linda,Finance,82649
Alice,Sales,72072
Sophia,HR,54198
Linda,IT,88301
Alice,Sales,82605
Linda,HR,68490
Isabella,Sales,70379
Laura,IT,65959
Bob,Sales,83312
James,Sales,45247
David,Marketing,70936
Eve,Sales,79179
Bob,Finance,64734
David,Marketing,58495
James,Finance,82388
Chris,Sales,75554
Kevin,HR,43321
Isabella,Sales,38926
John,Marketing,70833
Isabella,Marketing,78104
Michael,Sales,85653
James,HR,72613
Mark,HR,81389
Kevin,IT,35170
Michael,IT,49106
John,Finance,54329
Jack,IT,44049
Grace,Marketing,64102
John,IT,42739
Kevin,Sales,80575
Chris,Sales,50359
Bob,Sales,82990
Jack,Finance,80432
Alice,Sales,81636
Linda,HR,53891
Sarah,Finance,45211
Bob,HR,77835
Laura,Finance,60354
Chris,Marketing,63888
Jack,HR,38502
James,HR,66654
Jack,Finance,54446
Tom,Marketing,77932
Sophia,Sales,64035
Chris,IT,59604
David,Finance,37111
Sarah,IT,47731
Grace,Finance,35468
Linda,IT,63920
Alice,Sales,73394
Mark,IT,40717
Mark,Finance,39690
Laura,IT,57728
Olivia,HR,40331
Linda,IT,81221
Sophia,Marketing,79134
Tom,IT,83083
Kevin,Sales,51410
Alice,Marketing,81700
Laura,Finance,69083
